sitio,url
larepublica,https://larepublica.pe/espectaculos/1247333-instagram-primera-esposa-mauricio-diez-canseco-fotos
larepublica,https://larepublica.pe/espectaculos/1256281-facebook-mauricio-diez-canseco-presenta-cinco-hijos-dia-padre-fotos
larepublica,https://larepublica.pe/espectaculos/1068093-mauricio-diez-canseco-anuncio-embarazo-de-su-esposa-pero-expareja-arruino-la-noticia
larepublica,https://larepublica.pe/espectaculos/767455-asi-fue-la-boda-de-mauricio-diez-canseco-con-antonella-de-groot-32-anos-menor-que-el
larepublica,https://larepublica.pe/espectaculos/1247333-instagram-primera-esposa-mauricio-diez-canseco-fotos
larepublica,https://larepublica.pe/espectaculos/1167353-hija-de-mauricio-diez-canseco-remece-instagram-con-su-nueva-figura-fotos
larepublica,https://larepublica.pe/espectaculos/1238569-instagram-hija-mauricio-diez-canseco-posa-bikini-kylie-jenner
larepublica,https://larepublica.pe/espectaculos/1270648-instagram-hija-mauricio-diez-canseco-presenta-hombre-le-robo-corazon-fotos
larepublica,https://larepublica.pe/espectaculos/767206-mauricio-diaz-canseco-todos-los-amores-del-pizzero-fotos
larepublica,https://larepublica.pe/espectaculos/860652-el-gran-gesto-de-mauricio-diez-canseco-con-los-damnificados-de-huachipa
larepublica,https://larepublica.pe/politica/205000-sunat-denuncia-a-diez-canseco-por-defraudacion-de-s-44-millones
larepublica,https://larepublica.pe/espectaculos/1280410-instagram-leslie-castillo-expareja-mauricio-diez-canseco-anuncio-convertira-madre-foto
